﻿{
"mc": {
	"wuya": {
		"frameRate":24,
		"labels": [
		],
		"frames": [
			{"res":"wuya0000","x":72.5,"y":24.049999999999997,"duration":5},
			{"res":"wuya0005","x":71.5,"y":36.05,"duration":5},
			{"res":"wuya0010","x":48.5,"y":68.05,"duration":13},
			{"res":"wuya0023","x":71.5,"y":36.05,"duration":5},
			{"res":"wuya0028","x":72.5,"y":24.049999999999997,"duration":5},
			{"res":"wuya0033","x":35.5,"y":-89.95,"duration":6}
		]
	}
},
"res": {
	"wuya0000":{"x":0,"y":0,"w":435,"h":328},
	"wuya0005":{"x":435,"y":0,"w":437,"h":316},
	"wuya0010":{"x":0,"y":328,"w":468,"h":284},
	"wuya0023":{"x":435,"y":0,"w":437,"h":316},
	"wuya0028":{"x":0,"y":0,"w":435,"h":328},
	"wuya0033":{"x":468,"y":328,"w":472,"h":442}
}
}