{"groups":[{"keys":"point_png,load_png","name":"preload"},{"keys":"close_png,grid1_png,grid2_png,grid3_png,lev_1_1_png,lev_1_2_png,lev_2_1_png,lev_2_2_png,lev_3_1_png,lev_3_2_png,lev_4_1_png,lev_4_2_png,login_png,playagin_png,restar_png,start_png,translate_png,cardselect_png,top_png,wuya_png,bar_png,bg_top_png,bg_bot_png,pingzi_png,wuya_json,back_png,square1_png,square2_png,square3_png,square4_png,square5_png,square7_png,square6_png,square8_png,square9_png,square10_png,square11_png,home_png,click_mp3,bg_mp3,good_mp3,end_jpg","name":"game"}],"resources":[{"url":"assets/CheckBox/checkbox_select_disabled_4770b925.png","type":"image","name":"checkbox_select_disabled_png"},{"url":"assets/CheckBox/checkbox_select_down_487d973b.png","type":"image","name":"checkbox_select_down_png"},{"url":"assets/CheckBox/checkbox_select_up_5a2a9a6b.png","type":"image","name":"checkbox_select_up_png"},{"url":"assets/CheckBox/checkbox_unselect_3d86c675.png","type":"image","name":"checkbox_unselect_png"},{"url":"assets/ItemRenderer/selected_39df3b3b.png","type":"image","name":"selected_png"},{"url":"assets/Panel/border_214f29ef.png","type":"image","name":"border_png"},{"url":"assets/Panel/header_70e8b1ba.png","type":"image","name":"header_png"},{"url":"assets/RadioButton/radiobutton_select_disabled_27411c2c.png","type":"image","name":"radiobutton_select_disabled_png"},{"url":"assets/RadioButton/radiobutton_select_down_27411c2c.png","type":"image","name":"radiobutton_select_down_png"},{"url":"assets/RadioButton/radiobutton_select_up_7f370587.png","type":"image","name":"radiobutton_select_up_png"},{"url":"assets/RadioButton/radiobutton_unselect_6901cb9d.png","type":"image","name":"radiobutton_unselect_png"},{"url":"assets/ScrollBar/roundthumb_12cc3aed.png","type":"image","name":"roundthumb_png"},{"url":"assets/Slider/thumb_7b555b75.png","type":"image","name":"thumb_png"},{"url":"assets/Slider/track_42638551.png","type":"image","name":"track_png"},{"url":"assets/Slider/tracklight_12cc3aed.png","type":"image","name":"tracklight_png"},{"url":"assets/ToggleSwitch/handle_540fac0.png","type":"image","name":"handle_png"},{"url":"assets/ToggleSwitch/off_57dc3e5b.png","type":"image","name":"off_png"},{"url":"assets/ToggleSwitch/on_b7b2083.png","type":"image","name":"on_png"},{"url":"assets/Button/button_down_322585.png","type":"image","name":"button_down_png"},{"url":"assets/Button/button_up_28d8bef8.png","type":"image","name":"button_up_png"},{"url":"assets/ProgressBar/thumb_pb_1f268a14.png","type":"image","name":"thumb_pb_png"},{"url":"assets/ProgressBar/track_pb_c46a9c2.png","type":"image","name":"track_pb_png"},{"url":"assets/ScrollBar/track_sb_42638551.png","type":"image","name":"track_sb_png"},{"url":"config/description_2e5ca871.json","type":"json","name":"description_json"},{"url":"assets/wuya_564f207c.png","type":"image","name":"wuya_png"},{"url":"assets/wuya_20f40a66.json","type":"json","name":"wuya_json"},{"url":"assets/click_39d07f8b.mp3","type":"sound","name":"click_mp3"},{"url":"assets/bg_a6f87bb.mp3","type":"sound","name":"bg_mp3"},{"url":"assets/good_53bdbf07.mp3","type":"sound","name":"good_mp3"},{"url":"assets/结算界面_27efbc5.jpg","type":"image","name":"结算界面_jpg"},{"url":"assets/end_27efbc5.jpg","type":"image","name":"end_jpg"},{"url":"packs0/game-0sheet_36a0b926.json","type":"sheet","name":"game-0sheet","subkeys":"translate_png,top_png,start_png,square9_png,square8_png,square7_png,square6_png,square5_png,square4_png,square3_png,square2_png,square1_png,square11_png,square10_png,restar_png,playagin_png,pingzi_png,login_png,lev_4_2_png,lev_4_1_png,lev_3_2_png,lev_3_1_png,lev_2_2_png,lev_2_1_png,lev_1_2_png,lev_1_1_png,home_png,grid3_png,grid2_png,grid1_png,close_png,cardselect_png,bg_top_png,bg_bot_png,bar_png,back_png"},{"url":"packs0/preload-0sheet_74c1818e.json","type":"sheet","name":"preload-0sheet","subkeys":"point_png,load_png"}]}