{
  "skins": {
    "eui.Button": "resource/eui_skins/ButtonSkin.exml",
    "eui.CheckBox": "resource/eui_skins/CheckBoxSkin.exml",
    "eui.HScrollBar": "resource/eui_skins/HScrollBarSkin.exml",
    "eui.HSlider": "resource/eui_skins/HSliderSkin.exml",
    "eui.Panel": "resource/eui_skins/PanelSkin.exml",
    "eui.TextInput": "resource/eui_skins/TextInputSkin.exml",
    "eui.ProgressBar": "resource/eui_skins/ProgressBarSkin.exml",
    "eui.RadioButton": "resource/eui_skins/RadioButtonSkin.exml",
    "eui.Scroller": "resource/eui_skins/ScrollerSkin.exml",
    "eui.ToggleSwitch": "resource/eui_skins/ToggleSwitchSkin.exml",
    "eui.VScrollBar": "resource/eui_skins/VScrollBarSkin.exml",
    "eui.VSlider": "resource/eui_skins/VSliderSkin.exml",
    "eui.ItemRenderer": "resource/eui_skins/ItemRendererSkin.exml"
  },
  "autoGenerateExmlsList": true,
  "exmls": [
    {
      "path": "resource/eui_skins/ButtonSkin.exml",
      "content": "<?xml version=\"1.0\" encoding=\"utf-8\" ?>\n<e:Skin class=\"skins.ButtonSkin\" states=\"up,down,disabled\" minHeight=\"50\" minWidth=\"100\" xmlns:e=\"http://ns.egret.com/eui\">\n    <e:Image width=\"100%\" height=\"100%\" scale9Grid=\"1,3,8,8\" alpha.disabled=\"0.5\"\n             source=\"button_up_png\"\n             source.down=\"button_down_png\"/>\n    <e:Label id=\"labelDisplay\" top=\"8\" bottom=\"8\" left=\"8\" right=\"8\"\n             size=\"20\"\n             textColor=\"0xFFFFFF\" verticalAlign=\"middle\" textAlign=\"center\"/>\n    <e:Image id=\"iconDisplay\" horizontalCenter=\"0\" verticalCenter=\"0\"/>\n</e:Skin>\n"
    },
    {
      "path": "resource/eui_skins/CheckBoxSkin.exml",
      "content": "<?xml version=\"1.0\" encoding=\"utf-8\"?>\n<e:Skin class=\"skins.CheckBoxSkin\" states=\"up,down,disabled,upAndSelected,downAndSelected,disabledAndSelected\" xmlns:e=\"http://ns.egret.com/eui\">\n    <e:Group width=\"100%\" height=\"100%\">\n        <e:layout>\n            <e:HorizontalLayout verticalAlign=\"middle\"/>\n        </e:layout>\n        <e:Image fillMode=\"scale\" alpha=\"1\" alpha.disabled=\"0.5\" alpha.down=\"0.7\"\n                 source=\"checkbox_unselect_png\"\n                 source.upAndSelected=\"checkbox_select_up_png\"\n                 source.downAndSelected=\"checkbox_select_down_png\"\n                 source.disabledAndSelected=\"checkbox_select_disabled_png\"/>\n        <e:Label id=\"labelDisplay\" size=\"20\" textColor=\"0x707070\"\n                 textAlign=\"center\" verticalAlign=\"middle\"\n                 fontFamily=\"Tahoma\"/>\n    </e:Group>\n</e:Skin>\n"
    },
    {
      "path": "resource/eui_skins/HScrollBarSkin.exml",
      "content": "<?xml version=\"1.0\" encoding=\"utf-8\"?>\n<e:Skin class=\"skins.HScrollBarSkin\" minWidth=\"20\" minHeight=\"8\" xmlns:e=\"http://ns.egret.com/eui\">\n    <e:Image id=\"thumb\" source=\"roundthumb_png\" scale9Grid=\"3,3,2,2\" height=\"8\" width=\"30\" verticalCenter=\"0\"/>\n</e:Skin>\n"
    },
    {
      "path": "resource/eui_skins/HSliderSkin.exml",
      "content": "<?xml version=\"1.0\" encoding=\"utf-8\"?>\n<e:Skin class=\"skins.HSliderSkin\" minWidth=\"20\" minHeight=\"8\" xmlns:e=\"http://ns.egret.com/eui\">\n    <e:Image id=\"track\" source=\"track_sb_png\" scale9Grid=\"1,1,4,4\" width=\"100%\"\n             height=\"6\" verticalCenter=\"0\"/>\n    <e:Image id=\"thumb\" source=\"thumb_png\" verticalCenter=\"0\"/>\n</e:Skin>\n"
    },
    {
      "path": "resource/eui_skins/ItemRendererSkin.exml",
      "content": "<?xml version=\"1.0\" encoding=\"utf-8\" ?>\n<e:Skin class=\"skins.ItemRendererSkin\" states=\"up,down,disabled\" minHeight=\"50\" minWidth=\"100\" xmlns:e=\"http://ns.egret.com/eui\">\n    <e:Image width=\"100%\" height=\"100%\" scale9Grid=\"1,3,8,8\" alpha.disabled=\"0.5\"\n             source=\"button_up_png\"\n             source.down=\"button_down_png\"/>\n    <e:Label id=\"labelDisplay\" top=\"8\" bottom=\"8\" left=\"8\" right=\"8\"\n             size=\"20\" fontFamily=\"Tahoma\"\n             textColor=\"0xFFFFFF\" text=\"{data}\" verticalAlign=\"middle\" textAlign=\"center\"/>\n</e:Skin>\n"
    },
    {
      "path": "resource/eui_skins/PanelSkin.exml",
      "content": "<?xml version=\"1.0\" encoding=\"utf-8\"?>\n<e:Skin class=\"skins.PanelSkin\" minHeight=\"230\" minWidth=\"450\" xmlns:e=\"http://ns.egret.com/eui\">\n    <e:Image left=\"0\" right=\"0\" bottom=\"0\"  top=\"0\" source=\"border_png\" scale9Grid=\"2,2,12,12\" />\n    <e:Group id=\"moveArea\" left=\"0\" right=\"0\" top=\"0\" height=\"45\">\n        <e:Image left=\"0\" right=\"0\" bottom=\"0\"  top=\"0\" source=\"header_png\"/>\n        <e:Label id=\"titleDisplay\" size=\"20\" fontFamily=\"Tahoma\" textColor=\"0xFFFFFF\"\n                 wordWrap=\"false\" left=\"15\" right=\"5\" verticalCenter=\"0\"/>\n    </e:Group>\n    <e:Button id=\"closeButton\" label=\"close\" bottom=\"5\" horizontalCenter=\"0\"/>\n</e:Skin>\n"
    },
    {
      "path": "resource/eui_skins/ProgressBarSkin.exml",
      "content": "<?xml version=\"1.0\" encoding=\"utf-8\"?>\n<e:Skin class=\"skins.ProgressBarSkin\" minWidth=\"30\" minHeight=\"18\" xmlns:e=\"http://ns.egret.com/eui\">\n\t<e:Image source=\"track_pb_png\" scale9Grid=\"1,1,4,4\" width=\"100%\"\n\t\t\t height=\"100%\" verticalCenter=\"0\"/>\n\t<e:Image id=\"thumb\" height=\"100%\" width=\"100%\" source=\"thumb_pb_png\"/>\n\t<e:Label id=\"labelDisplay\" textAlign=\"center\" verticalAlign=\"middle\"\n\t\t\t size=\"15\" fontFamily=\"Tahoma\" textColor=\"0x707070\"\n\t\t\t horizontalCenter=\"0\" verticalCenter=\"0\"/>\n</e:Skin>\n"
    },
    {
      "path": "resource/eui_skins/RadioButtonSkin.exml",
      "content": "<?xml version=\"1.0\" encoding=\"utf-8\"?>\n<e:Skin class=\"skins.RadioButtonSkin\" states=\"up,down,disabled,upAndSelected,downAndSelected,disabledAndSelected\" xmlns:e=\"http://ns.egret.com/eui\">\n    <e:Group width=\"100%\" height=\"100%\">\n        <e:layout>\n            <e:HorizontalLayout verticalAlign=\"middle\"/>\n        </e:layout>\n        <e:Image fillMode=\"scale\" alpha=\"1\" alpha.disabled=\"0.5\" alpha.down=\"0.7\"\n                 source=\"radiobutton_unselect_png\"\n                 source.upAndSelected=\"radiobutton_select_up_png\"\n                 source.downAndSelected=\"radiobutton_select_down_png\"\n                 source.disabledAndSelected=\"radiobutton_select_disabled_png\"/>\n        <e:Label id=\"labelDisplay\" size=\"20\" textColor=\"0x707070\"\n                 textAlign=\"center\" verticalAlign=\"middle\"\n                 fontFamily=\"Tahoma\"/>\n    </e:Group>\n</e:Skin>\n"
    },
    {
      "path": "resource/eui_skins/ScrollerSkin.exml",
      "content": "<?xml version=\"1.0\" encoding=\"utf-8\"?>\n<e:Skin class=\"skins.ScrollerSkin\" minWidth=\"20\" minHeight=\"20\" xmlns:e=\"http://ns.egret.com/eui\">\n    <e:HScrollBar id=\"horizontalScrollBar\" width=\"100%\" bottom=\"0\"/>\n    <e:VScrollBar id=\"verticalScrollBar\" height=\"100%\" right=\"0\"/>\n</e:Skin>"
    },
    {
      "path": "resource/eui_skins/TextInputSkin.exml",
      "content": "<?xml version='1.0' encoding='utf-8'?>\n<e:Skin class=\"skins.TextInputSkin\" minHeight=\"40\" minWidth=\"300\" states=\"normal,disabled,normalWithPrompt,disabledWithPrompt\" xmlns:e=\"http://ns.egret.com/eui\">\n\t<e:Image width=\"100%\" height=\"100%\" scale9Grid=\"1,3,8,8\" source=\"button_up_png\"/>\n\t<e:Rect height=\"100%\" width=\"100%\" fillColor=\"0xffffff\"/>\n \t<e:EditableText id=\"textDisplay\" verticalCenter=\"0\" left=\"10\" right=\"10\"\n\t                textColor=\"0x000000\" textColor.disabled=\"0xff0000\" width=\"100%\" height=\"24\" size=\"20\" />\n\t<e:Label id=\"promptDisplay\" verticalCenter=\"0\" left=\"10\" right=\"10\"\n\t                textColor=\"0xa9a9a9\" width=\"100%\" height=\"24\" size=\"20\" touchEnabled=\"false\" includeIn=\"normalWithPrompt,disabledWithPrompt\"/>\n</e:Skin>"
    },
    {
      "path": "resource/eui_skins/ToggleSwitchSkin.exml",
      "content": "<?xml version=\"1.0\" encoding=\"utf-8\"?>\n<e:Skin class=\"skins.ToggleSwitchSkin\" states=\"up,down,disabled,upAndSelected,downAndSelected,disabledAndSelected\" xmlns:e=\"http://ns.egret.com/eui\">\n    <e:Image source=\"on_png\"\n             source.up=\"off_png\"\n             source.down=\"off_png\"\n             source.disabled=\"off_png\"/>\n    <e:Image source=\"handle_png\"\n             horizontalCenter=\"-18\"\n             horizontalCenter.upAndSelected=\"18\"\n             horizontalCenter.downAndSelected=\"18\"\n             horizontalCenter.disabledAndSelected=\"18\"\n             verticalCenter=\"0\"/>\n</e:Skin>\n"
    },
    {
      "path": "resource/eui_skins/VScrollBarSkin.exml",
      "content": "<?xml version=\"1.0\" encoding=\"utf-8\"?>\n<e:Skin class=\"skins.VScrollBarSkin\" minWidth=\"8\" minHeight=\"20\" xmlns:e=\"http://ns.egret.com/eui\">\n    <e:Image id=\"thumb\" source=\"roundthumb_png\" scale9Grid=\"3,3,2,2\" height=\"30\" width=\"8\" horizontalCenter=\"0\"/>\n</e:Skin>\n"
    },
    {
      "path": "resource/eui_skins/VSliderSkin.exml",
      "content": "<?xml version=\"1.0\" encoding=\"utf-8\"?>\n<e:Skin class=\"skins.VSliderSkin\" minWidth=\"25\" minHeight=\"30\" xmlns:e=\"http://ns.egret.com/eui\">\n    <e:Image id=\"track\" source=\"track_png\" scale9Grid=\"1,1,4,4\" width=\"7\" height=\"100%\" horizontalCenter=\"0\"/>\n    <e:Image id=\"thumb\" source=\"thumb_png\" horizontalCenter=\"0\" />\n</e:Skin>\n"
    },
    {
      "path": "resource/local_exml/cardselectSkin.exml",
      "content": "<?xml version='1.0' encoding='utf-8'?>\n<e:Skin class=\"cardselectSkin\" width=\"990\" height=\"580\" xmlns:e=\"http://ns.egret.com/eui\" xmlns:w=\"http://ns.egret.com/wing\">\n\t<e:Image source=\"cardselect_png\" x=\"0\" y=\"0\"/>\n\t<e:CheckBox id=\"card_1_1\" x=\"80\" y=\"195\" enabled=\"true\">\n\t\t<e:skinName>\n\t\t\t<e:Skin states=\"up,down,disabled\">\n\t\t\t\t<e:Image width=\"100%\" height=\"100%\" source=\"lev_1_1_png\"/>\n\t\t\t\t<e:Label id=\"labelDisplay\" horizontalCenter=\"0\" verticalCenter=\"0\"/>\n\t\t\t</e:Skin>\n\t\t</e:skinName>\n\t</e:CheckBox>\n\t<e:Image id=\"card_2_1\" source=\"lev_2_1_png\" x=\"290\" y=\"195\"/>\n\t<e:Image id=\"card_3_1\" source=\"lev_3_1_png\" x=\"500\" y=\"195\"/>\n\t<e:Image id=\"card_4_1\" source=\"lev_4_1_png\" x=\"720\" y=\"195\"/>\n\t<e:Image id=\"card_1_2\" source=\"lev_1_2_png\" x=\"80\" y=\"195\"/>\n\t<e:Image id=\"card_2_2\" source=\"lev_2_2_png\" x=\"290\" y=\"195\"/>\n\t<e:Image id=\"card_3_2\" source=\"lev_3_2_png\" x=\"500\" y=\"195\"/>\n\t<e:Image id=\"card_4_2\" source=\"lev_4_2_png\" x=\"720\" y=\"195\"/>\n\t<e:Image id=\"btnClose\" source=\"close_png\" x=\"906\" y=\"2\"/>\n</e:Skin>"
    },
    {
      "path": "resource/local_exml/end.exml",
      "content": "<?xml version=\"1.0\" encoding=\"utf-8\"?>\n<e:Skin class=\"end\" width=\"670\" height=\"552\" xmlns:e=\"http://ns.egret.com/eui\" xmlns:w=\"http://ns.egret.com/wing\">\n\t<e:Image source=\"结算界面_jpg\" x=\"77\" y=\"90\"/>\n\t<e:Image id=\"btnAgin\" source=\"restar_png\" x=\"210\" y=\"411\" anchorOffsetX=\"0\" width=\"72\" anchorOffsetY=\"0\" height=\"69\"/>\n\t<e:Image id=\"btnBack\" source=\"home_png\" x=\"398\" y=\"413\" anchorOffsetX=\"0\" width=\"72\" anchorOffsetY=\"0\" height=\"69\"/>\n\t<e:Label text=\"恭喜通关,游戏时长：\" x=\"208\" y=\"285\" anchorOffsetX=\"0\" width=\"302\" textColor=\"0x0a0909\" bold=\"true\"/>\n\t<e:Label id=\"txt_time\" text=\"标签\" x=\"163\" y=\"326\" anchorOffsetX=\"0\" width=\"359\" textAlign=\"center\" textColor=\"0x000000\" bold=\"true\"/>\n</e:Skin>"
    },
    {
      "path": "resource/local_exml/gameMain.exml",
      "content": "<?xml version=\"1.0\" encoding=\"utf-8\"?>\n<e:Skin class=\"gameMain\" width=\"1280\" height=\"800\" xmlns:e=\"http://ns.egret.com/eui\" xmlns:w=\"http://ns.egret.com/wing\">\n\t<e:Image source=\"top_png\" x=\"0\" y=\"0\"/>\n\t<e:Image source=\"bg_bot_png\" x=\"363\" y=\"378\"/>\n\t<e:Image id=\"bgPingzi\" source=\"pingzi_png\" x=\"510\" y=\"181\"/>\n\t<e:Image source=\"bg_top_png\" x=\"410\" y=\"543\"/>\n\t<e:Image id=\"cutoff1\" source=\"bar_png\" x=\"539\" y=\"540\"/>\n\t<e:Image id=\"btnBack\" source=\"back_png\" x=\"18\" y=\"704\"/>\n</e:Skin>"
    },
    {
      "path": "resource/local_exml/startSkin.exml",
      "content": "<?xml version='1.0' encoding='utf-8'?>\n<e:Skin class=\"startSkin\" width=\"1280\" height=\"800\" xmlns:e=\"http://ns.egret.com/eui\" xmlns:w=\"http://ns.egret.com/wing\">\n\t<e:Image source=\"login_png\" x=\"0\" y=\"0\"/>\n\t<e:Button id=\"btnStart\" x=\"534\" y=\"574\">\n\t\t<e:skinName>\n\t\t\t<e:Skin states=\"up,down,disabled\">\n\t\t\t\t<e:Image width=\"100%\" height=\"100%\" source=\"start_png\" source.down=\"start_png\"/>\n\t\t\t\t<e:Label id=\"labelDisplay\" horizontalCenter=\"0\" verticalCenter=\"0\"/>\n\t\t\t</e:Skin>\n\t\t</e:skinName>\n\t</e:Button>\n</e:Skin>"
    }
  ]
}