{
  "skins": {
    "eui.Button": "resource/eui_skins/ButtonSkin.exml",
    "eui.CheckBox": "resource/eui_skins/CheckBoxSkin.exml",
    "eui.HScrollBar": "resource/eui_skins/HScrollBarSkin.exml",
    "eui.HSlider": "resource/eui_skins/HSliderSkin.exml",
    "eui.Panel": "resource/eui_skins/PanelSkin.exml",
    "eui.TextInput": "resource/eui_skins/TextInputSkin.exml",
    "eui.ProgressBar": "resource/eui_skins/ProgressBarSkin.exml",
    "eui.RadioButton": "resource/eui_skins/RadioButtonSkin.exml",
    "eui.Scroller": "resource/eui_skins/ScrollerSkin.exml",
    "eui.ToggleSwitch": "resource/eui_skins/ToggleSwitchSkin.exml",
    "eui.VScrollBar": "resource/eui_skins/VScrollBarSkin.exml",
    "eui.VSlider": "resource/eui_skins/VSliderSkin.exml",
    "eui.ItemRenderer": "resource/eui_skins/ItemRendererSkin.exml"
  },
  "autoGenerateExmlsList": true,
  "exmls": [
    {
      "path": "resource/eui_skins/ButtonSkin.exml",
      "content": "<?xml version=\"1.0\" encoding=\"utf-8\" ?>\n<e:Skin class=\"skins.ButtonSkin\" states=\"up,down,disabled\" minHeight=\"50\" minWidth=\"100\" xmlns:e=\"http://ns.egret.com/eui\">\n    <e:Image width=\"100%\" height=\"100%\" scale9Grid=\"1,3,8,8\" alpha.disabled=\"0.5\"\n             source=\"button_up_png\"\n             source.down=\"button_down_png\"/>\n    <e:Label id=\"labelDisplay\" top=\"8\" bottom=\"8\" left=\"8\" right=\"8\"\n             size=\"20\"\n             textColor=\"0xFFFFFF\" verticalAlign=\"middle\" textAlign=\"center\"/>\n    <e:Image id=\"iconDisplay\" horizontalCenter=\"0\" verticalCenter=\"0\"/>\n</e:Skin>\n"
    },
    {
      "path": "resource/eui_skins/CheckBoxSkin.exml",
      "content": "<?xml version=\"1.0\" encoding=\"utf-8\"?>\n<e:Skin class=\"skins.CheckBoxSkin\" states=\"up,down,disabled,upAndSelected,downAndSelected,disabledAndSelected\" xmlns:e=\"http://ns.egret.com/eui\">\n    <e:Group width=\"100%\" height=\"100%\">\n        <e:layout>\n            <e:HorizontalLayout verticalAlign=\"middle\"/>\n        </e:layout>\n        <e:Image fillMode=\"scale\" alpha=\"1\" alpha.disabled=\"0.5\" alpha.down=\"0.7\"\n                 source=\"checkbox_unselect_png\"\n                 source.upAndSelected=\"checkbox_select_up_png\"\n                 source.downAndSelected=\"checkbox_select_down_png\"\n                 source.disabledAndSelected=\"checkbox_select_disabled_png\"/>\n        <e:Label id=\"labelDisplay\" size=\"20\" textColor=\"0x707070\"\n                 textAlign=\"center\" verticalAlign=\"middle\"\n                 fontFamily=\"Tahoma\"/>\n    </e:Group>\n</e:Skin>\n"
    },
    {
      "path": "resource/eui_skins/HScrollBarSkin.exml",
      "content": "<?xml version=\"1.0\" encoding=\"utf-8\"?>\n<e:Skin class=\"skins.HScrollBarSkin\" minWidth=\"20\" minHeight=\"8\" xmlns:e=\"http://ns.egret.com/eui\">\n    <e:Image id=\"thumb\" source=\"roundthumb_png\" scale9Grid=\"3,3,2,2\" height=\"8\" width=\"30\" verticalCenter=\"0\"/>\n</e:Skin>\n"
    },
    {
      "path": "resource/eui_skins/HSliderSkin.exml",
      "content": "<?xml version=\"1.0\" encoding=\"utf-8\"?>\n<e:Skin class=\"skins.HSliderSkin\" minWidth=\"20\" minHeight=\"8\" xmlns:e=\"http://ns.egret.com/eui\">\n    <e:Image id=\"track\" source=\"track_sb_png\" scale9Grid=\"1,1,4,4\" width=\"100%\"\n             height=\"6\" verticalCenter=\"0\"/>\n    <e:Image id=\"thumb\" source=\"thumb_png\" verticalCenter=\"0\"/>\n</e:Skin>\n"
    },
    {
      "path": "resource/eui_skins/ItemRendererSkin.exml",
      "content": "<?xml version=\"1.0\" encoding=\"utf-8\" ?>\n<e:Skin class=\"skins.ItemRendererSkin\" states=\"up,down,disabled\" minHeight=\"50\" minWidth=\"100\" xmlns:e=\"http://ns.egret.com/eui\">\n    <e:Image width=\"100%\" height=\"100%\" scale9Grid=\"1,3,8,8\" alpha.disabled=\"0.5\"\n             source=\"button_up_png\"\n             source.down=\"button_down_png\"/>\n    <e:Label id=\"labelDisplay\" top=\"8\" bottom=\"8\" left=\"8\" right=\"8\"\n             size=\"20\" fontFamily=\"Tahoma\"\n             textColor=\"0xFFFFFF\" text=\"{data}\" verticalAlign=\"middle\" textAlign=\"center\"/>\n</e:Skin>\n"
    },
    {
      "path": "resource/eui_skins/PanelSkin.exml",
      "content": "<?xml version=\"1.0\" encoding=\"utf-8\"?>\n<e:Skin class=\"skins.PanelSkin\" minHeight=\"230\" minWidth=\"450\" xmlns:e=\"http://ns.egret.com/eui\">\n    <e:Image left=\"0\" right=\"0\" bottom=\"0\"  top=\"0\" source=\"border_png\" scale9Grid=\"2,2,12,12\" />\n    <e:Group id=\"moveArea\" left=\"0\" right=\"0\" top=\"0\" height=\"45\">\n        <e:Image left=\"0\" right=\"0\" bottom=\"0\"  top=\"0\" source=\"header_png\"/>\n        <e:Label id=\"titleDisplay\" size=\"20\" fontFamily=\"Tahoma\" textColor=\"0xFFFFFF\"\n                 wordWrap=\"false\" left=\"15\" right=\"5\" verticalCenter=\"0\"/>\n    </e:Group>\n    <e:Button id=\"closeButton\" label=\"close\" bottom=\"5\" horizontalCenter=\"0\"/>\n</e:Skin>\n"
    },
    {
      "path": "resource/eui_skins/ProgressBarSkin.exml",
      "content": "<?xml version=\"1.0\" encoding=\"utf-8\"?>\n<e:Skin class=\"skins.ProgressBarSkin\" minWidth=\"30\" minHeight=\"18\" xmlns:e=\"http://ns.egret.com/eui\">\n\t<e:Image source=\"track_pb_png\" scale9Grid=\"1,1,4,4\" width=\"100%\"\n\t\t\t height=\"100%\" verticalCenter=\"0\"/>\n\t<e:Image id=\"thumb\" height=\"100%\" width=\"100%\" source=\"thumb_pb_png\"/>\n\t<e:Label id=\"labelDisplay\" textAlign=\"center\" verticalAlign=\"middle\"\n\t\t\t size=\"15\" fontFamily=\"Tahoma\" textColor=\"0x707070\"\n\t\t\t horizontalCenter=\"0\" verticalCenter=\"0\"/>\n</e:Skin>\n"
    },
    {
      "path": "resource/eui_skins/RadioButtonSkin.exml",
      "content": "<?xml version=\"1.0\" encoding=\"utf-8\"?>\n<e:Skin class=\"skins.RadioButtonSkin\" states=\"up,down,disabled,upAndSelected,downAndSelected,disabledAndSelected\" xmlns:e=\"http://ns.egret.com/eui\">\n    <e:Group width=\"100%\" height=\"100%\">\n        <e:layout>\n            <e:HorizontalLayout verticalAlign=\"middle\"/>\n        </e:layout>\n        <e:Image fillMode=\"scale\" alpha=\"1\" alpha.disabled=\"0.5\" alpha.down=\"0.7\"\n                 source=\"radiobutton_unselect_png\"\n                 source.upAndSelected=\"radiobutton_select_up_png\"\n                 source.downAndSelected=\"radiobutton_select_down_png\"\n                 source.disabledAndSelected=\"radiobutton_select_disabled_png\"/>\n        <e:Label id=\"labelDisplay\" size=\"20\" textColor=\"0x707070\"\n                 textAlign=\"center\" verticalAlign=\"middle\"\n                 fontFamily=\"Tahoma\"/>\n    </e:Group>\n</e:Skin>\n"
    },
    {
      "path": "resource/eui_skins/ScrollerSkin.exml",
      "content": "<?xml version=\"1.0\" encoding=\"utf-8\"?>\n<e:Skin class=\"skins.ScrollerSkin\" minWidth=\"20\" minHeight=\"20\" xmlns:e=\"http://ns.egret.com/eui\">\n    <e:HScrollBar id=\"horizontalScrollBar\" width=\"100%\" bottom=\"0\"/>\n    <e:VScrollBar id=\"verticalScrollBar\" height=\"100%\" right=\"0\"/>\n</e:Skin>"
    },
    {
      "path": "resource/eui_skins/TextInputSkin.exml",
      "content": "<?xml version='1.0' encoding='utf-8'?>\n<e:Skin class=\"skins.TextInputSkin\" minHeight=\"40\" minWidth=\"300\" states=\"normal,disabled,normalWithPrompt,disabledWithPrompt\" xmlns:e=\"http://ns.egret.com/eui\">\n\t<e:Image width=\"100%\" height=\"100%\" scale9Grid=\"1,3,8,8\" source=\"button_up_png\"/>\n\t<e:Rect height=\"100%\" width=\"100%\" fillColor=\"0xffffff\"/>\n \t<e:EditableText id=\"textDisplay\" verticalCenter=\"0\" left=\"10\" right=\"10\"\n\t                textColor=\"0x000000\" textColor.disabled=\"0xff0000\" width=\"100%\" height=\"24\" size=\"20\" />\n\t<e:Label id=\"promptDisplay\" verticalCenter=\"0\" left=\"10\" right=\"10\"\n\t                textColor=\"0xa9a9a9\" width=\"100%\" height=\"24\" size=\"20\" touchEnabled=\"false\" includeIn=\"normalWithPrompt,disabledWithPrompt\"/>\n</e:Skin>"
    },
    {
      "path": "resource/eui_skins/ToggleSwitchSkin.exml",
      "content": "<?xml version=\"1.0\" encoding=\"utf-8\"?>\n<e:Skin class=\"skins.ToggleSwitchSkin\" states=\"up,down,disabled,upAndSelected,downAndSelected,disabledAndSelected\" xmlns:e=\"http://ns.egret.com/eui\">\n    <e:Image source=\"on_png\"\n             source.up=\"off_png\"\n             source.down=\"off_png\"\n             source.disabled=\"off_png\"/>\n    <e:Image source=\"handle_png\"\n             horizontalCenter=\"-18\"\n             horizontalCenter.upAndSelected=\"18\"\n             horizontalCenter.downAndSelected=\"18\"\n             horizontalCenter.disabledAndSelected=\"18\"\n             verticalCenter=\"0\"/>\n</e:Skin>\n"
    },
    {
      "path": "resource/eui_skins/VScrollBarSkin.exml",
      "content": "<?xml version=\"1.0\" encoding=\"utf-8\"?>\n<e:Skin class=\"skins.VScrollBarSkin\" minWidth=\"8\" minHeight=\"20\" xmlns:e=\"http://ns.egret.com/eui\">\n    <e:Image id=\"thumb\" source=\"roundthumb_png\" scale9Grid=\"3,3,2,2\" height=\"30\" width=\"8\" horizontalCenter=\"0\"/>\n</e:Skin>\n"
    },
    {
      "path": "resource/eui_skins/VSliderSkin.exml",
      "content": "<?xml version=\"1.0\" encoding=\"utf-8\"?>\n<e:Skin class=\"skins.VSliderSkin\" minWidth=\"25\" minHeight=\"30\" xmlns:e=\"http://ns.egret.com/eui\">\n    <e:Image id=\"track\" source=\"track_png\" scale9Grid=\"1,1,4,4\" width=\"7\" height=\"100%\" horizontalCenter=\"0\"/>\n    <e:Image id=\"thumb\" source=\"thumb_png\" horizontalCenter=\"0\" />\n</e:Skin>\n"
    },
    {
      "path": "resource/local_exml/cardselect.exml",
      "content": "<?xml version=\"1.0\" encoding=\"utf-8\"?>\n<e:Skin class=\"cardselect\" width=\"992\" height=\"590\" xmlns:e=\"http://ns.egret.com/eui\" xmlns:w=\"http://ns.egret.com/wing\">\n\t<e:Image source=\"cardselect_png\" x=\"0\" y=\"0\"/>\n\t<e:Image id=\"btnClose\" source=\"close_png\" x=\"910\" y=\"10\"/>\n\t<e:Image id=\"card_3_1\" source=\"lev1_png\" x=\"225\" y=\"185\"/>\n\t<e:Image id=\"card_4_1\" source=\"lev2_png\" x=\"560\" y=\"185\"/>\n\t<e:Image id=\"card_3_2\" source=\"lev_1_2_png\" x=\"225\" y=\"185\"/>\n\t<e:Image id=\"card_4_2\" source=\"lev_2_2_png\" x=\"560\" y=\"185\"/>\n</e:Skin>"
    },
    {
      "path": "resource/local_exml/game.exml",
      "content": "<?xml version=\"1.0\" encoding=\"utf-8\"?>\n<e:Skin class=\"game\" width=\"1280\" height=\"800\" xmlns:e=\"http://ns.egret.com/eui\" xmlns:w=\"http://ns.egret.com/wing\">\n\t<e:Image id=\"bg\" source=\"318755-130F50G15477_jpg\" x=\"0\" y=\"0\" width=\"1280\" height=\"800\"/>\n\t<e:Image source=\"top_png\" x=\"0\" y=\"0\" locked=\"true\"/>\n\t<e:Image id=\"btnHelp\" source=\"ques_png\" x=\"1202\" y=\"10\" locked=\"true\"/>\n\t<e:Image id=\"btnBack\" source=\"back_png\" x=\"38\" y=\"685\" anchorOffsetX=\"0\" width=\"108\" anchorOffsetY=\"0\" height=\"105\" locked=\"true\"/>\n\t<e:Image source=\"Tips_png\" x=\"320\" y=\"89\" locked=\"true\"/>\n\t<e:Group id=\"group\" x=\"1093\" y=\"137\" visible=\"false\" locked=\"true\">\n\t\t<e:Image source=\"record_png\" x=\"0\" y=\"0\"/>\n\t\t<e:Label id=\"txt_true\" text=\"7548\" x=\"5\" y=\"63\" textColor=\"0x0c0b0c\" size=\"21\" anchorOffsetX=\"0\" width=\"58\" verticalAlign=\"middle\" textAlign=\"center\"/>\n\t\t<e:Label id=\"txt_times\" text=\"10\" x=\"82\" y=\"64\" textColor=\"0x040304\" size=\"21\" textAlign=\"center\" width=\"36\"/>\n\t\t<e:Label id=\"txt_time\" text=\"999\" x=\"140\" y=\"65\" size=\"21\" textColor=\"0x100e0f\" width=\"40\" textAlign=\"center\"/>\n\t\t<e:Label id=\"txt_best\" text=\"10次 22秒\" x=\"57\" y=\"100\" size=\"21\" width=\"114\"/>\n\t\t<e:Label id=\"txt_num\" text=\"7512\" x=\"25\" y=\"138\" textColor=\"0x0b0a0b\" size=\"28\" width=\"133\" textAlign=\"center\" bold=\"true\"/>\n\t</e:Group>\n\t<e:Image source=\"caogao_png\" x=\"146\" y=\"100\" locked=\"true\"/>\n\t<e:Group id=\"groupNum\" x=\"38\" y=\"284\" locked=\"true\">\n\t\t<e:Image id=\"mcBox\" source=\"密码箱_png\" x=\"0\" y=\"-90\" scaleX=\"1.6\" scaleY=\"1.6\"/>\n\t\t<e:Image id=\"num1\" source=\"按键按下_png\" x=\"228\" y=\"4\" scaleX=\"1.6\" scaleY=\"1.6\"/>\n\t\t<e:Image id=\"num8\" source=\"按键按下_png\" x=\"333\" y=\"159\" scaleX=\"1.6\" scaleY=\"1.6\"/>\n\t\t<e:Image id=\"num5\" source=\"按键按下_png\" x=\"333\" y=\"82\" scaleX=\"1.6\" scaleY=\"1.6\"/>\n\t\t<e:Image id=\"num7\" source=\"按键按下_png\" x=\"228\" y=\"159\" scaleX=\"1.6\" scaleY=\"1.6\"/>\n\t\t<e:Image id=\"num4\" source=\"按键按下_png\" x=\"228\" y=\"82\" scaleY=\"1.6\" scaleX=\"1.6\"/>\n\t\t<e:Image id=\"num2\" source=\"按键按下_png\" x=\"333\" y=\"4\" scaleX=\"1.6\" scaleY=\"1.6\"/>\n\t\t<e:Image id=\"num0\" source=\"按键按下_png\" x=\"331\" y=\"237\" scaleX=\"1.6\" scaleY=\"1.6\"/>\n\t\t<e:Image id=\"num9\" source=\"按键按下_png\" x=\"437\" y=\"159\" scaleX=\"1.6\" scaleY=\"1.6\"/>\n\t\t<e:Image id=\"num6\" source=\"按键按下_png\" x=\"436\" y=\"82\" scaleX=\"1.6\" scaleY=\"1.6\"/>\n\t\t<e:Image id=\"num3\" source=\"按键按下_png\" x=\"438\" y=\"4\" scaleX=\"1.6\" scaleY=\"1.6\"/>\n\t\t<e:Image source=\"返回图表_png\" x=\"456\" y=\"260\" scaleX=\"1.6\" scaleY=\"1.6\"/>\n\t\t<e:Label text=\"0\" x=\"356\" y=\"255\" bold=\"true\" fontFamily=\"微软雅黑\" textColor=\"0xca1c95\" size=\"35\"/>\n\t\t<e:Label text=\"1\" x=\"252\" y=\"23\" textColor=\"0xCA1C95\" bold=\"true\" fontFamily=\"微软雅黑\" size=\"35\"/>\n\t\t<e:Label text=\"2\" x=\"357\" y=\"23\" textColor=\"0xCA1C95\" bold=\"true\" fontFamily=\"微软雅黑\" size=\"35\"/>\n\t\t<e:Label text=\"6\" x=\"461\" y=\"98\" textColor=\"0xCA1C95\" bold=\"true\" fontFamily=\"微软雅黑\" size=\"35\"/>\n\t\t<e:Label text=\"5\" x=\"357\" y=\"101\" textColor=\"0xCA1C95\" bold=\"true\" fontFamily=\"微软雅黑\" size=\"35\"/>\n\t\t<e:Label text=\"0\" x=\"222\" y=\"214\" textColor=\"0xCA1C95\" bold=\"true\" fontFamily=\"微软雅黑\" size=\"24\"/>\n\t\t<e:Label text=\"4\" x=\"250\" y=\"101\" textColor=\"0xCA1C95\" bold=\"true\" fontFamily=\"微软雅黑\" size=\"35\"/>\n\t\t<e:Label text=\"9\" x=\"461\" y=\"178\" textColor=\"0xCA1C95\" bold=\"true\" fontFamily=\"微软雅黑\" size=\"35\"/>\n\t\t<e:Label text=\"7\" x=\"251\" y=\"178\" textColor=\"0xCA1C95\" bold=\"true\" fontFamily=\"微软雅黑\" size=\"35\"/>\n\t\t<e:Label text=\"8\" x=\"357\" y=\"176\" textColor=\"0xCA1C95\" bold=\"true\" fontFamily=\"微软雅黑\" size=\"35\"/>\n\t\t<e:Label text=\"3\" x=\"463\" y=\"23\" textColor=\"0xCA1C95\" bold=\"true\" fontFamily=\"微软雅黑\" size=\"35\"/>\n\t</e:Group>\n\t<e:Image id=\"mcBoxOpen\" source=\"boc_open_png\" x=\"-179.79\" y=\"226.4\" scaleX=\"1.9\" scaleY=\"1.9\" anchorOffsetX=\"0\" width=\"381.11\" anchorOffsetY=\"0\" height=\"211.76\" locked=\"true\" visible=\"false\"/>\n\t<e:Image id=\"btnFail\" source=\"fail_png\" x=\"944\" y=\"664.42\" anchorOffsetX=\"0\" width=\"257.91\" anchorOffsetY=\"0\" height=\"127.58\" locked=\"true\"/>\n\t<e:Image id=\"btnChallenge\" source=\"success2_png\" x=\"190\" y=\"665\" anchorOffsetX=\"0\" width=\"238\" anchorOffsetY=\"0\" height=\"126\" locked=\"true\"/>\n</e:Skin>"
    },
    {
      "path": "resource/local_exml/help.exml",
      "content": "<?xml version=\"1.0\" encoding=\"utf-8\"?>\n<e:Skin class=\"help\" width=\"992\" height=\"581\" xmlns:e=\"http://ns.egret.com/eui\" xmlns:w=\"http://ns.egret.com/wing\">\n\t<e:Image source=\"help_png\" x=\"0\" y=\"26\"/>\n\t<e:Image id=\"btnClose\" source=\"close_png\" x=\"910\" y=\"0\"/>\n\t<e:Label text=\"在密码箱中0~9的按键上输入一个不重复的四位数，每输入一次旁边都会记录并会给出这次输入密码的提示。\\nA代表：位置数字都正确。  \\nB代表：位置不对数字对了。 \\n输入的次数越少，打开宝箱中的猜宝越多。\" x=\"34\" y=\"212\" textColor=\"0x090809\" anchorOffsetX=\"0\" width=\"524\" anchorOffsetY=\"0\" height=\"285\" bold=\"true\" lineSpacing=\"10\"/>\n\t<e:Image source=\"box_close_png\" x=\"588\" y=\"184\"/>\n</e:Skin>"
    },
    {
      "path": "resource/local_exml/startSkin.exml",
      "content": "<?xml version=\"1.0\" encoding=\"utf-8\"?>\n<e:Skin class=\"startSkin\" width=\"1280\" height=\"800\" xmlns:e=\"http://ns.egret.com/eui\" xmlns:w=\"http://ns.egret.com/wing\">\n\t<e:Image source=\"guessNumber_png\" x=\"0\" y=\"54\"/>\n\t<e:Image id=\"btnStart\" source=\"start_png\" x=\"434\" y=\"630\"/>\n\t<e:Image id=\"btnHelp\" source=\"btnhelp_png\" x=\"700\" y=\"630\"/>\n</e:Skin>"
    }
  ]
}