{"groups":[{"keys":"point_png,load_png,mouse_normal_png,mouse_down_png","name":"preload"},{"keys":"start_png,top_png,guessNumber_png,back_png,good_mp3,bg_mp3,click_mp3,close_png,cardselect_png,help_png,ques_png,btnhelp_png,box_close_png,boc_open_png,record_png,Tips_png,mao_png,number_png,number_json,playagin_png,勾勾_png,叉叉_png,caogao_png,返回图表_png,按键按下_png,密码箱_png,numBg_png,resultBg_png,fail_png,success_png,numBg3_png,lev1_png,lev2_png,lev_2_2_png,lev_1_2_png,318755-130F50G15477_jpg,success2_png","name":"game"}],"resources":[{"url":"assets/CheckBox/checkbox_select_disabled_4770b925.png","type":"image","name":"checkbox_select_disabled_png"},{"url":"assets/CheckBox/checkbox_select_down_487d973b.png","type":"image","name":"checkbox_select_down_png"},{"url":"assets/CheckBox/checkbox_select_up_5a2a9a6b.png","type":"image","name":"checkbox_select_up_png"},{"url":"assets/CheckBox/checkbox_unselect_3d86c675.png","type":"image","name":"checkbox_unselect_png"},{"url":"assets/ItemRenderer/selected_39df3b3b.png","type":"image","name":"selected_png"},{"url":"assets/Panel/border_214f29ef.png","type":"image","name":"border_png"},{"url":"assets/Panel/header_70e8b1ba.png","type":"image","name":"header_png"},{"url":"assets/RadioButton/radiobutton_select_disabled_27411c2c.png","type":"image","name":"radiobutton_select_disabled_png"},{"url":"assets/RadioButton/radiobutton_select_down_27411c2c.png","type":"image","name":"radiobutton_select_down_png"},{"url":"assets/RadioButton/radiobutton_select_up_7f370587.png","type":"image","name":"radiobutton_select_up_png"},{"url":"assets/RadioButton/radiobutton_unselect_6901cb9d.png","type":"image","name":"radiobutton_unselect_png"},{"url":"assets/ScrollBar/roundthumb_12cc3aed.png","type":"image","name":"roundthumb_png"},{"url":"assets/Slider/thumb_7b555b75.png","type":"image","name":"thumb_png"},{"url":"assets/Slider/track_42638551.png","type":"image","name":"track_png"},{"url":"assets/Slider/tracklight_12cc3aed.png","type":"image","name":"tracklight_png"},{"url":"assets/ToggleSwitch/handle_540fac0.png","type":"image","name":"handle_png"},{"url":"assets/ToggleSwitch/off_57dc3e5b.png","type":"image","name":"off_png"},{"url":"assets/ToggleSwitch/on_b7b2083.png","type":"image","name":"on_png"},{"url":"assets/Button/button_down_322585.png","type":"image","name":"button_down_png"},{"url":"assets/Button/button_up_28d8bef8.png","type":"image","name":"button_up_png"},{"url":"assets/ProgressBar/thumb_pb_1f268a14.png","type":"image","name":"thumb_pb_png"},{"url":"assets/ProgressBar/track_pb_c46a9c2.png","type":"image","name":"track_pb_png"},{"url":"assets/ScrollBar/track_sb_42638551.png","type":"image","name":"track_sb_png"},{"url":"assets/bg_79904ffc.jpg","type":"image","name":"bg_jpg"},{"url":"assets/egret_icon.png","type":"image","name":"egret_icon_png"},{"url":"config/description_2e5ca871.json","type":"json","name":"description_json"},{"url":"assets/good_53bdbf07.mp3","type":"sound","name":"good_mp3"},{"url":"assets/bg_a6f87bb.mp3","type":"sound","name":"bg_mp3"},{"url":"assets/click_39d07f8b.mp3","type":"sound","name":"click_mp3"},{"url":"assets/lev_4_2.png","type":"image","name":"lev_4_2_png"},{"url":"assets/lev_3_1.png","type":"image","name":"lev_3_1_png"},{"url":"assets/lev_3_2.png","type":"image","name":"lev_3_2_png"},{"url":"assets/lev_4_1.png","type":"image","name":"lev_4_1_png"},{"url":"assets/clock.png","type":"image","name":"clock_png"},{"url":"assets/number_7860dfde.png","type":"image","name":"number_png"},{"url":"assets/number_514d4129.json","type":"json","name":"number_json"},{"url":"assets/ready.mp3","type":"sound","name":"ready_mp3"},{"url":"assets/ready.png","type":"image","name":"ready_png"},{"url":"assets/ready.json","type":"json","name":"ready_json"},{"url":"assets/ok_51670653.png","type":"image","name":"ok_png"},{"url":"assets/error.png","type":"image","name":"error_png"},{"url":"assets/back.jpg","type":"image","name":"back_jpg"},{"url":"assets/lev1_2.png","type":"image","name":"lev1_2_png"},{"url":"assets/lev2_2.png","type":"image","name":"lev2_2_png"},{"url":"packs0/game-0sheet_6af3e2de.json","type":"sheet","name":"game-0sheet","subkeys":"返回图表_png,按键按下_png,密码箱_png,叉叉_png,勾勾_png,top_png,success_png,success2_png,start_png,resultBg_png,ques_png,playagin_png,numBg_png,numBg3_png,mao_png,lev_2_2_png,lev_1_2_png,lev2_png,lev1_png,help_png,guessNumber_png,fail_png,close_png,cardselect_png,caogao_png,btnhelp_png,box_close_png,boc_open_png,back_png,Tips_png,318755-130F50G15477_jpg"},{"url":"packs0/game-1sheet_295a7dab.json","type":"sheet","name":"game-1sheet","subkeys":"record_png"},{"url":"packs0/preload-0sheet_1cc0a47d.json","type":"sheet","name":"preload-0sheet","subkeys":"point_png,mouse_normal_png,mouse_down_png,load_png"}]}