{"frames":{"login_png":{"x":0,"y":0,"w":1280,"h":798,"offX":0,"offY":0,"sourceW":1280,"sourceH":798},"cardselect_png":{"x":0,"y":800,"w":992,"h":590,"offX":0,"offY":0,"sourceW":992,"sourceH":590},"bg_bot_png":{"x":994,"y":800,"w":850,"h":411,"offX":0,"offY":0,"sourceW":850,"sourceH":411},"pingzi_png":{"x":1282,"y":0,"w":370,"h":615,"offX":0,"offY":0,"sourceW":370,"sourceH":615},"bg_top_png":{"x":994,"y":1213,"w":814,"h":257,"offX":0,"offY":0,"sourceW":814,"sourceH":257},"top_png":{"x":0,"y":1472,"w":1280,"h":84,"offX":0,"offY":0,"sourceW":1280,"sourceH":84},"playagin_png":{"x":1654,"y":0,"w":317,"h":170,"offX":0,"offY":0,"sourceW":317,"sourceH":170},"lev_2_2_png":{"x":1654,"y":172,"w":163,"h":312,"offX":0,"offY":0,"sourceW":163,"sourceH":312},"lev_2_1_png":{"x":1819,"y":172,"w":163,"h":312,"offX":0,"offY":0,"sourceW":163,"sourceH":312},"lev_4_2_png":{"x":1654,"y":486,"w":163,"h":312,"offX":0,"offY":0,"sourceW":163,"sourceH":312},"lev_1_2_png":{"x":1819,"y":486,"w":163,"h":312,"offX":0,"offY":0,"sourceW":163,"sourceH":312},"lev_4_1_png":{"x":1846,"y":800,"w":163,"h":312,"offX":0,"offY":0,"sourceW":163,"sourceH":312},"lev_3_2_png":{"x":1846,"y":1114,"w":163,"h":312,"offX":0,"offY":0,"sourceW":163,"sourceH":312},"lev_1_1_png":{"x":1810,"y":1428,"w":163,"h":312,"offX":0,"offY":0,"sourceW":163,"sourceH":312},"lev_3_1_png":{"x":1282,"y":1472,"w":163,"h":312,"offX":0,"offY":0,"sourceW":163,"sourceH":312},"translate_png":{"x":1282,"y":617,"w":259,"h":140,"offX":0,"offY":0,"sourceW":259,"sourceH":140},"start_png":{"x":1447,"y":1472,"w":218,"h":88,"offX":0,"offY":0,"sourceW":218,"sourceH":88},"square10_png":{"x":1543,"y":617,"w":89,"h":86,"offX":0,"offY":0,"sourceW":89,"sourceH":86},"square3_png":{"x":1543,"y":705,"w":88,"h":86,"offX":0,"offY":0,"sourceW":88,"sourceH":86},"square1_png":{"x":1667,"y":1472,"w":88,"h":86,"offX":0,"offY":0,"sourceW":88,"sourceH":86},"square6_png":{"x":0,"y":1558,"w":88,"h":86,"offX":0,"offY":0,"sourceW":88,"sourceH":86},"square8_png":{"x":90,"y":1558,"w":88,"h":86,"offX":0,"offY":0,"sourceW":88,"sourceH":86},"square4_png":{"x":180,"y":1558,"w":88,"h":86,"offX":0,"offY":0,"sourceW":88,"sourceH":86},"square11_png":{"x":270,"y":1558,"w":88,"h":86,"offX":0,"offY":0,"sourceW":88,"sourceH":86},"square7_png":{"x":360,"y":1558,"w":88,"h":85,"offX":0,"offY":0,"sourceW":88,"sourceH":85},"square5_png":{"x":450,"y":1558,"w":88,"h":85,"offX":0,"offY":0,"sourceW":88,"sourceH":85},"square9_png":{"x":540,"y":1558,"w":88,"h":85,"offX":0,"offY":0,"sourceW":88,"sourceH":85},"square2_png":{"x":630,"y":1558,"w":88,"h":85,"offX":0,"offY":0,"sourceW":88,"sourceH":85},"home_png":{"x":720,"y":1558,"w":86,"h":86,"offX":0,"offY":0,"sourceW":86,"sourceH":86},"back_png":{"x":808,"y":1558,"w":86,"h":86,"offX":0,"offY":0,"sourceW":86,"sourceH":86},"restar_png":{"x":896,"y":1558,"w":86,"h":86,"offX":0,"offY":0,"sourceW":86,"sourceH":86},"bar_png":{"x":0,"y":1392,"w":309,"h":21,"offX":0,"offY":0,"sourceW":309,"sourceH":21},"close_png":{"x":311,"y":1392,"w":76,"h":76,"offX":0,"offY":0,"sourceW":76,"sourceH":76},"grid1_png":{"x":1973,"y":0,"w":62,"h":62,"offX":0,"offY":0,"sourceW":62,"sourceH":62},"grid2_png":{"x":1973,"y":64,"w":62,"h":62,"offX":0,"offY":0,"sourceW":62,"sourceH":62},"grid3_png":{"x":1984,"y":128,"w":62,"h":62,"offX":0,"offY":0,"sourceW":62,"sourceH":62}},"file":"game-0sheet_3cb40e3d.png"}