﻿{
"mc": {
	"number": {
		"frameRate":24,
		"labels": [
		],
		"frames": [
			{"res":"sprite 4180000","x":0,"y":0},
			{"res":"sprite 4180001","x":0,"y":0},
			{"res":"sprite 4180002","x":0,"y":0},
			{"res":"sprite 4180003","x":0,"y":0},
			{"res":"sprite 4180004","x":0,"y":0},
			{"res":"sprite 4180005","x":0,"y":0},
			{"res":"sprite 4180006","x":0,"y":0},
			{"res":"sprite 4180007","x":0,"y":0},
			{"res":"sprite 4180008","x":0,"y":0},
			{"res":"sprite 4180009","x":0,"y":0}
		]
	}
},
"res": {
	"sprite 4180000":{"x":0,"y":0,"w":37,"h":37},
	"sprite 4180001":{"x":37,"y":0,"w":37,"h":37},
	"sprite 4180002":{"x":74,"y":0,"w":37,"h":37},
	"sprite 4180003":{"x":0,"y":37,"w":37,"h":37},
	"sprite 4180004":{"x":37,"y":37,"w":37,"h":37},
	"sprite 4180005":{"x":74,"y":37,"w":37,"h":37},
	"sprite 4180006":{"x":0,"y":74,"w":37,"h":37},
	"sprite 4180007":{"x":37,"y":74,"w":37,"h":37},
	"sprite 4180008":{"x":74,"y":74,"w":37,"h":37},
	"sprite 4180009":{"x":0,"y":111,"w":37,"h":37}
}
}