{"frames":{"guessNumber_png":{"x":0,"y":0,"w":1280,"h":746,"offX":0,"offY":0,"sourceW":1280,"sourceH":746},"318755-130F50G15477_jpg":{"x":0,"y":748,"w":1000,"h":664,"offX":0,"offY":0,"sourceW":1000,"sourceH":664},"cardselect_png":{"x":1002,"y":748,"w":992,"h":590,"offX":0,"offY":0,"sourceW":992,"sourceH":590},"help_png":{"x":1002,"y":1340,"w":968,"h":558,"offX":0,"offY":0,"sourceW":968,"sourceH":558},"boc_open_png":{"x":1282,"y":0,"w":496,"h":315,"offX":0,"offY":0,"sourceW":496,"sourceH":315},"密码箱_png":{"x":1282,"y":317,"w":360,"h":316,"offX":0,"offY":0,"sourceW":360,"sourceH":316},"top_png":{"x":0,"y":1900,"w":1280,"h":84,"offX":0,"offY":0,"sourceW":1280,"sourceH":84},"box_close_png":{"x":1644,"y":317,"w":340,"h":299,"offX":0,"offY":0,"sourceW":340,"sourceH":299},"Tips_png":{"x":1282,"y":635,"w":675,"h":84,"offX":0,"offY":0,"sourceW":675,"sourceH":84},"success2_png":{"x":0,"y":1414,"w":317,"h":170,"offX":0,"offY":0,"sourceW":317,"sourceH":170},"playagin_png":{"x":319,"y":1414,"w":317,"h":170,"offX":0,"offY":0,"sourceW":317,"sourceH":170},"success_png":{"x":638,"y":1414,"w":317,"h":170,"offX":0,"offY":0,"sourceW":317,"sourceH":170},"fail_png":{"x":0,"y":1586,"w":317,"h":170,"offX":0,"offY":0,"sourceW":317,"sourceH":170},"lev_2_2_png":{"x":1780,"y":0,"w":163,"h":293,"offX":0,"offY":0,"sourceW":163,"sourceH":293},"lev2_png":{"x":319,"y":1586,"w":163,"h":293,"offX":0,"offY":0,"sourceW":163,"sourceH":293},"lev1_png":{"x":484,"y":1586,"w":163,"h":293,"offX":0,"offY":0,"sourceW":163,"sourceH":293},"lev_1_2_png":{"x":649,"y":1586,"w":163,"h":293,"offX":0,"offY":0,"sourceW":163,"sourceH":293},"start_png":{"x":0,"y":1758,"w":218,"h":88,"offX":0,"offY":0,"sourceW":218,"sourceH":88},"btnhelp_png":{"x":1282,"y":1900,"w":218,"h":88,"offX":0,"offY":0,"sourceW":218,"sourceH":88},"caogao_png":{"x":814,"y":1586,"w":168,"h":67,"offX":0,"offY":0,"sourceW":168,"sourceH":67},"numBg_png":{"x":814,"y":1655,"w":168,"h":45,"offX":0,"offY":0,"sourceW":168,"sourceH":45},"back_png":{"x":1945,"y":0,"w":86,"h":86,"offX":0,"offY":0,"sourceW":86,"sourceH":86},"close_png":{"x":1945,"y":88,"w":76,"h":76,"offX":0,"offY":0,"sourceW":76,"sourceH":76},"numBg3_png":{"x":814,"y":1702,"w":127,"h":45,"offX":0,"offY":0,"sourceW":127,"sourceH":45},"resultBg_png":{"x":814,"y":1749,"w":144,"h":33,"offX":0,"offY":0,"sourceW":144,"sourceH":33},"ques_png":{"x":1945,"y":166,"w":61,"h":61,"offX":0,"offY":0,"sourceW":61,"sourceH":61},"勾勾_png":{"x":1945,"y":229,"w":59,"h":44,"offX":0,"offY":0,"sourceW":59,"sourceH":44},"按键按下_png":{"x":1986,"y":275,"w":44,"h":44,"offX":0,"offY":0,"sourceW":44,"sourceH":44},"叉叉_png":{"x":2008,"y":166,"w":32,"h":35,"offX":0,"offY":0,"sourceW":32,"sourceH":35},"mao_png":{"x":2023,"y":88,"w":15,"h":27,"offX":0,"offY":0,"sourceW":15,"sourceH":27},"返回图表_png":{"x":2023,"y":117,"w":21,"h":18,"offX":0,"offY":0,"sourceW":21,"sourceH":18}},"file":"game-0sheet_32957043.png"}